Customer_ID,Region,Age,Monthly_Spend_INR,Orders_Last_Month,Satisfaction_Score,Selected_For_Sample,,,,
C001,North,24,1800,2,4,Yes,,3183.333333,,3750
C002,South,31,2400,3,4,No,,,,
C003,East,28,1500,1,3,No,,,,
C004,West,42,4200,5,5,Yes,,,,
C005,North,35,3200,4,4,No,,,,
C006,South,22,900,1,2,Yes,,,,
C007,East,46,5100,6,5,No,,,,
C008,West,29,2700,3,4,No,,,,
C009,North,39,3600,4,3,Yes,,,,
C010,South,26,2100,2,4,No,,,,
C011,East,33,3000,3,3,No,,,,
C012,West,51,6200,7,5,Yes,,,,
C013,North,27,1900,2,4,No,,,,
C014,South,44,4700,5,5,No,,,,
C015,East,30,2500,3,4,Yes,,,,
C016,West,23,1200,1,3,No,,,,
C017,North,37,3900,4,4,No,,,,
C018,South,32,2800,3,3,Yes,,,,
C019,East,41,4400,5,5,No,,,,
C020,West,28,2200,2,4,No,,,,
C021,North,55,7000,8,5,Yes,,,,
C022,South,25,1600,2,3,No,,,,
C023,East,36,3400,4,4,No,,,,
C024,West,48,5600,6,5,Yes,,,,
C025,North,21,1100,1,2,No,,,,
C026,South,40,4100,4,4,No,,,,
C027,East,34,2900,3,3,Yes,,,,
C028,West,30,2600,2,4,No,,,,
C029,North,45,4900,5,5,No,,,,
C030,South,27,2000,2,3,No,,,,
